{"cameraMode":{"drawMode":0,"name":"Shaded","section":"Shading Mode"},"sceneLighting":true,"audioPlay":false,"sceneViewState":{"m_AlwaysRefresh":false,"showFog":true,"showSkybox":true,"showFlares":true,"showImageEffects":true,"showParticleSystems":true,"showVisualEffectGraphs":true,"m_FxEnabled":true},"in2DMode":false,"pivot":{"x":41.799049377441409,"y":9.353492736816407,"z":14.259078025817871},"rotation":{"x":0.09824341535568237,"y":-0.001788816531188786,"z":0.00018986787472385913,"w":0.9951802492141724},"size":12.920248031616211,"orthographic":false}